user_id,name,age,email,country
1,Steve Richard,46,madison37@yahoo.com,Brazil
2,Mary Gomez,40,christina44@gmail.com,Australia
3,Frank Moore,25,xhogan@rivera.com,Brazil
4,Daniel Robinson,50,jose85@gmail.com,USA
5,Eric Garcia,44,mccalldawn@ramos-moore.com,South Africa
6,Megan Moore,48,owright@kaufman.com,Germany
7,Kimberly Lopez,42,allenlori@kerr.com,Brazil
8,Joseph Gonzales,45,patriciahuff@allen.info,Australia
9,Heather Robinson,55,elizabeth81@yahoo.com,Germany
10,Jodi Dennis,55,cobbstephanie@pratt-arnold.biz,Germany
11,Chelsea Cox,38,robertkelly@martin.org,South Africa
12,Mrs. Margaret Casey,29,bshaw@boyd.com,Germany
13,Alan Golden,58,fsmith@yahoo.com,Brazil
14,Sherry Harris,44,tturner@silva-howard.com,UK
15,Victoria Fox,42,lphelps@hotmail.com,South Africa
16,Eric Hanson,44,bishopemma@price.com,Australia
17,Lisa Franco,24,moniqueburgess@hotmail.com,Australia
18,Krystal Davies,56,ahenry@hotmail.com,Germany
19,Zachary Young,48,michael12@gay.com,France
20,Taylor Crawford,54,jerryrose@anderson.org,UK
21,Christian Hall,20,bcross@yahoo.com,USA
22,Kelly Mills,27,thompsonjoel@hotmail.com,USA
23,Michael Dominguez,57,sara16@gmail.com,Germany
24,Martha Lee,52,pchavez@yahoo.com,Brazil
25,Phillip Smith,60,dana51@castro.org,Brazil
26,William Rice,52,haley05@curtis.com,Brazil
27,Nichole Manning,36,washingtoncorey@hotmail.com,Canada
28,Mallory Simmons,44,ltaylor@hotmail.com,UK
29,Courtney Davis,21,benjamindavis@yahoo.com,UK
30,Ryan Holt,37,smithelizabeth@gmail.com,Japan
31,Vanessa Wolf,49,christopher15@gmail.com,Germany
32,Bethany Kennedy,46,nancy79@hotmail.com,Canada
33,Jeremy Wood,46,monroesteven@gmail.com,South Africa
34,Lisa Goodwin,59,briggsvirginia@arias-bailey.com,Germany
35,Mr. William Perry,39,morenostephanie@hotmail.com,Japan
36,William Cox,34,bayala@durham-smith.com,Australia
37,Kevin Reid,18,qcarter@clay.com,Japan
38,Kayla Watson,24,miranda79@mcdonald.com,Australia
39,Danielle Vasquez,46,oschneider@frazier-brown.com,Australia
40,Tracy Hubbard,43,krodriguez@yahoo.com,Australia
41,Benjamin King,51,richard22@sanchez.com,Canada
42,Heather Collins,33,qrowe@watson-anderson.biz,South Africa
43,Jessica Vincent,23,casey25@hotmail.com,France
44,Patrick Brown,28,waltersmarie@yahoo.com,South Africa
45,Kevin Perez,31,smithmarc@miller.com,UK
46,Seth Tanner,44,thomas37@hotmail.com,USA
47,Kayla Brown,25,ernestberry@hotmail.com,South Africa
48,Steven Orr,50,jerry88@nelson.net,France
49,Zachary Davis,53,ashley07@gmail.com,Brazil
50,David Barker,55,fullerjenna@gmail.com,Australia
51,Ricardo Bradley,20,nicholas52@yang-holmes.org,USA
52,Kimberly Lutz,52,david58@sanchez-howard.biz,India
53,Steven Morrow,25,heather25@hotmail.com,Brazil
54,Jennifer Padilla,20,michelekelley@gmail.com,South Africa
55,Brenda Garcia,53,kelsey30@rice.biz,Japan
56,James Dunn,42,obrown@chang-gross.com,Brazil
57,Randy Giles,58,brian84@lamb.com,Germany
58,Hannah Wyatt,58,perryantonio@parker.biz,Germany
59,Jacob Miller,54,garycalderon@clarke-johnson.com,India
60,Gabriela Johnson,24,sethmills@sawyer-patel.com,Canada
61,James Cole,52,ortizsuzanne@gmail.com,USA
62,Patrick Skinner,55,vgraves@kelley.info,Germany
63,Randall Carlson,42,yshaw@yahoo.com,Canada
64,Scott Robinson,56,kristopherharris@cherry.com,Brazil
65,Dr. Kara Reed,59,bryanmercer@hotmail.com,Japan
66,Charles Mack,58,nelsonglenn@yahoo.com,Japan
67,Ronald Davis,52,laurie99@snyder.biz,UK
68,Marcus Palmer,23,watersfrederick@gmail.com,Japan
69,George Holmes,34,charles10@hotmail.com,Canada
70,Teresa Harrison,56,dianeramos@simpson.com,UK
71,Seth Bauer,49,richardrandall@hotmail.com,India
72,Joshua Terry,28,jacobrodriguez@gmail.com,South Africa
73,Patricia Myers,26,bhuang@gmail.com,Australia
74,Savannah Russell,53,joshua51@gmail.com,Canada
75,Matthew Jarvis,46,allensawyer@yahoo.com,India
76,Elizabeth Grant,30,brandonkelly@yahoo.com,South Africa
77,Dr. Angela Brandt,48,dorismartinez@yahoo.com,Germany
78,Lisa Lee,58,brittany15@yahoo.com,Australia
79,Larry Rhodes,58,sheila87@gonzalez.com,USA
80,Mary Delgado,50,josehernandez@yahoo.com,Brazil
81,Desiree Ramirez,43,rickysherman@gonzalez.com,Brazil
82,Gabrielle Gray,45,ericlee@nguyen.org,USA
83,Sean Silva,49,sarahnunez@hoffman.com,UK
84,Joseph Thomas,43,qjames@hotmail.com,Brazil
85,Melissa Lynch,42,christopher14@fischer.com,France
86,Isabella Anderson,20,matthew81@newman.com,USA
87,David Lewis,57,anthony22@gmail.com,India
88,Sara Cortez,51,andre69@gmail.com,France
89,Yolanda Houston,60,knewton@jackson.org,UK
90,Jeanette Garcia,59,guerracraig@williams.com,France
91,Jessica Martin,33,coxlisa@johnson.com,UK
92,Amy Watson,25,randallpark@robinson.net,India
93,Bruce Reese,31,tduffy@king.com,India
94,Jennifer Allen,52,sullivanmonique@hotmail.com,Germany
95,Amber Reynolds,37,bryanallen@yahoo.com,Japan
96,Danny Mathis,41,julie14@gmail.com,South Africa
97,Erica Schroeder,60,aguilaranna@reyes.info,Canada
98,Victoria Rodriguez,33,wharrison@gmail.com,South Africa
99,Michael Adams,20,tylerjefferson@gmail.com,South Africa
100,Pamela Garrison,33,stephanieanderson@martin-sherman.info,India
